address_id,address_type_id,street,postal_code,city,country
1,3,6893 Sharon Fall Suite 936,40279,East Denise,Pakistan
2,3,74960 Williamson Port Apt. 367,04559,Kevinborough,Netherlands
3,3,859 Michelle Forest,58703,Port Kristenstad,Holy See (Vatican City State)
4,3,8531 Jackson Crossing Suite 082,63604,Lake Justinhaven,Tanzania
5,3,30439 Davis Mills Suite 381,75629,Port Samuelfurt,Cyprus
6,3,787 Daniel Rest Suite 897,45884,Stonemouth,New Caledonia
7,3,83834 Anderson Course,48490,Smithview,Hong Kong
8,3,546 George Cliff,58416,Simmonsview,Moldova
9,3,677 Martinez Trail Suite 922,30469,Davisburgh,Hong Kong
10,3,4211 Fischer Tunnel,44583,Blakestad,Cook Islands
11,3,475 Jared Island,96743,Thorntonland,Jamaica
12,3,081 Jacqueline Prairie Suite 211,95319,West Gabrielleshire,Belgium
13,1,2193 Antonio Springs,96287,Hamiltontown,American Samoa
14,1,058 Anthony Ramp,67893,New Josetown,Saint Kitts and Nevis
15,1,810 Silva Cliff,49000,Caseychester,United States of America
16,1,984 Amanda Cliff Suite 247,02737,Jasonport,Saint Barthelemy
17,1,2107 Butler Trace,61197,Lutzton,Kenya
18,1,7913 Andersen Valley,28515,North Stevefurt,Austria
19,1,311 Ali Shore,82277,North Taylor,Sao Tome and Principe
20,1,90452 Stacey Station Suite 056,85982,North Kevinmouth,Zimbabwe
21,1,255 Kirk Island,70720,Mitchellmouth,Belize
22,1,62022 Oconnell Curve Apt. 331,54439,Nelsonmouth,Brunei Darussalam
23,1,938 Gonzalez Unions Suite 883,72323,Vincentberg,Vanuatu
24,1,23208 Karen Passage Apt. 752,14318,Pedroside,Suriname
25,1,2001 Ritter Road,00754,Rodriguezchester,Netherlands Antilles
26,1,6551 Yoder Pine Apt. 489,24946,Mitchellborough,Bahamas
27,1,326 Joshua Inlet,92895,New Jesse,Saint Kitts and Nevis
28,1,7323 Shelly Branch,64336,Ryanborough,Liechtenstein
29,1,08345 Robert Hill Apt. 930,54138,East Garyburgh,United Kingdom
30,1,144 White Brook Suite 428,85918,Lake William,Dominica
31,1,1553 Guerrero Heights Apt. 038,83745,Berrytown,Antarctica (the territory South of 60 deg S)
32,1,85422 Clark Port Apt. 369,43333,South Madison,British Indian Ocean Territory (Chagos Archipelago)
33,1,256 Stephanie Plaza,72233,North Charles,Albania
34,1,44826 Cody Manor,63204,South Williamchester,Cuba
35,1,52017 Howard Creek Apt. 793,58312,New Brandon,South Georgia and the South Sandwich Islands
36,1,1381 Ramos Fork,61504,Port Ryan,Christmas Island
37,1,36774 Lee Mission Apt. 760,08580,New Rebecca,Sweden
38,1,8160 Christopher Ways Suite 869,55974,New Vanessa,United States of America
39,1,596 Calvin Via Suite 345,09967,Lake Brettberg,Latvia
40,1,181 Jones Mountains,38878,Lisaview,Cook Islands
41,1,85864 Jacqueline Station,18456,Brianfurt,Argentina
42,1,749 Ward Squares Apt. 833,43364,Trevinoport,Mozambique
43,1,80831 Hahn Mill Apt. 236,48898,Hannahview,Bulgaria
44,1,3775 Michael Flats,65956,Youngchester,Anguilla
45,1,92344 Michael Trace Suite 306,20524,Castilloberg,Korea
46,1,32701 Hayley Stream,96807,Nicholsview,Cape Verde
47,1,7205 Ryan Mountain Suite 652,34464,New Robertmouth,Cote d'Ivoire
48,1,939 Molina Shoal,15494,South Rebeccaborough,Denmark
49,1,14368 David Inlet,14137,Wattsberg,Bulgaria
50,1,437 Reginald Avenue Suite 016,11135,East Jesse,Netherlands Antilles
51,1,4136 Vega Glen,45804,Lake Daniel,Bhutan
52,1,81853 Amanda Groves,36215,Pamelachester,Somalia
53,1,5403 Stephanie Groves,39300,Williamshire,Papua New Guinea
54,1,702 Stephanie Lights Apt. 148,32221,South Jessica,Israel
55,1,23005 White Roads Suite 270,60611,New Megan,Gibraltar
56,1,41344 Stewart Canyon Suite 114,30920,North Nathanport,Guatemala
57,1,178 Cooke Mountain,58368,Mitchellmouth,Turkey
58,1,11972 Nixon Ramp,27132,New Emily,Mayotte
59,1,38668 Wagner Lock,47399,Williamsland,Italy
60,1,3412 Jessica Shoals,98718,Jeffreymouth,Kazakhstan
61,1,278 Jason Knoll,67165,West Denise,Comoros
62,1,001 Norman Meadows Suite 358,63471,Garciashire,Aruba
63,1,882 Sheila Crossroad Apt. 698,05142,New Lauraville,Guyana
64,1,231 Michael Walks Apt. 097,20457,Roberthaven,Malawi
65,1,583 Lee Terrace,66309,Lake Devon,Armenia
66,1,0517 Ronnie Drive,75967,West Robertbury,Grenada
67,1,672 Wagner Skyway Apt. 459,52811,Port Paul,Benin
68,1,0336 Perkins Views,44855,East Johnburgh,Saudi Arabia
69,1,97573 Anthony Route Suite 157,93977,New Darrenside,Cyprus
70,1,34232 Jennifer Harbor,81961,Browningborough,Ecuador
71,1,6586 Lee Ways,41444,Lake Tiffany,Israel
72,1,2331 Zuniga Drives,78447,Wendychester,Haiti
73,1,360 Elliott Club,28230,Walkertown,French Guiana
74,1,8018 Robinson Place Suite 735,56376,Gibsonside,Cuba
75,1,104 Rodney Rapids,96119,West Brittanyburgh,Mayotte
76,1,42243 George Ferry,83036,East Crystal,Togo
77,1,546 Angela Branch Apt. 344,06026,Fryhaven,Indonesia
78,1,04008 Nguyen Forks Apt. 539,40665,West Laura,Libyan Arab Jamahiriya
79,1,07994 Danielle Drive Suite 818,04601,New Mitchellmouth,Antarctica (the territory South of 60 deg S)
80,1,707 Cohen Port Suite 830,61340,Beckerborough,Netherlands Antilles
81,1,1977 Miller Valley Suite 861,70197,Samuelview,Bosnia and Herzegovina
82,1,0014 Luis Tunnel,27530,Johnside,Sao Tome and Principe
83,1,91696 Saunders Burgs,31792,South Garyhaven,Grenada
84,1,3251 Nielsen Plaza,85878,Priceport,Turkmenistan
85,1,6649 Daniel Ramp,16136,West Jill,Poland
86,1,44821 Moyer Harbor Suite 711,16667,New Chelsea,Romania
87,1,98433 Clifford Locks Apt. 542,33562,Monroeside,Peru
88,1,054 Alyssa Tunnel,56715,Kentbury,Guadeloupe
89,1,0118 Miller Circles,17664,South Derektown,Poland
90,1,9012 Graham Mall,19432,Sosaton,Slovakia (Slovak Republic)
91,1,78295 Steve Gateway Apt. 835,83919,Stevenbury,New Zealand
92,1,866 Harrell Plains,61265,Shawnaton,Bolivia
93,1,86856 Haley Junctions Apt. 513,24832,Port Julie,Bahamas
94,1,9652 Charles Villages Apt. 416,68888,Heathborough,Serbia
95,1,3842 Hayes Junctions,50118,West Spencer,Kyrgyz Republic
96,1,5616 Megan Track,03357,West Kevinshire,Pitcairn Islands
97,1,59502 Barnes Parks Apt. 017,36678,North John,Ethiopia
98,1,44812 Harper Groves,70768,North Maria,New Zealand
99,1,895 Garza Rest,81434,Jesseton,Libyan Arab Jamahiriya
100,1,5037 Baker Run,21844,Grahambury,Benin
101,1,0286 Middleton Knolls,11984,North Walter,Burkina Faso
102,1,481 Briggs Radial Apt. 371,50485,Crawfordhaven,Saint Barthelemy
103,1,25420 Mary Squares Suite 731,26180,South Jeffrey,Liberia
104,1,35776 Kaufman Lodge,04056,New Kathleenstad,Nauru
105,1,821 Rodriguez Flat Suite 149,17983,Amyfurt,Dominica
106,1,4469 Gibbs Vista Suite 688,53094,Jamesberg,Armenia
107,1,5090 Jesse Curve,38084,North Staceytown,Dominican Republic
108,1,125 Marshall Estate Apt. 165,73762,Nunezbury,Israel
109,1,1433 Campos Forges,51787,Angieshire,Trinidad and Tobago
110,1,1310 Galloway Extension,11881,Birdside,Iceland
111,1,4183 Whitaker Ford Suite 883,11656,Port April,Syrian Arab Republic
112,1,49644 Edwards Light Suite 737,28778,Meganshire,Niue
113,1,3718 Norris Course,49945,Lake Robert,Libyan Arab Jamahiriya
114,1,19126 Denise Glen Suite 711,24050,South Travis,Macao
115,1,7632 Johnson Loop,88051,East Julie,Barbados
116,1,472 Haley Junctions Suite 773,45490,Lisaville,Zambia
117,1,078 Christopher Station Suite 911,38015,South Melissahaven,Bangladesh
118,1,2885 Philip Mall Suite 235,02597,Petermouth,Liberia
119,1,55086 Nicole Locks Apt. 594,77854,West Colton,United States Virgin Islands
120,1,765 Todd Lakes Suite 717,15748,New Charles,Paraguay
121,1,5270 Sherry Pike,24277,New Amandaville,Solomon Islands
122,1,52680 Morgan Roads Apt. 197,24626,Sullivanfort,Montserrat
123,1,57532 Derek Freeway Apt. 257,31607,Lewisside,Guam
124,1,38476 Martinez Mountain,01686,South Steventown,Liechtenstein
125,1,53036 Calvin Haven Suite 481,48148,Parkertown,Romania
126,1,637 Mitchell Haven,17387,North Paulmouth,Indonesia
127,1,717 Sandra Island,34261,West Bryanberg,Pakistan
128,1,492 Valdez Bridge Suite 347,22665,South Sherryland,Malawi
129,1,23402 Christopher Summit,27507,Michellefurt,Turkey
130,1,3966 Orr Bypass Suite 930,09227,Patelton,Ukraine
131,1,950 Cassandra Stream Apt. 767,09340,East John,Singapore
132,1,393 Jones Walks Suite 480,94953,South Anthony,Macao
133,1,07680 Jones Trail Apt. 262,76974,West Emilymouth,Svalbard & Jan Mayen Islands
134,1,148 Chad Lake,79942,North Michele,Indonesia
135,1,160 Brown Coves,08267,Woodsport,Ireland
136,1,578 Craig Gardens Suite 274,51042,Carolineton,Burkina Faso
137,1,8000 Hailey Meadows,99318,Stricklandchester,Tajikistan
138,1,62242 Daniel Stream,95232,Lukehaven,Honduras
139,1,955 Harper Oval Suite 074,28815,South Michael,Denmark
140,1,94484 Sanders Lakes,41835,New Coreytown,Azerbaijan
141,1,2942 Ryan Lake,35330,New Michaelmouth,Nigeria
142,1,67739 Lindsey Heights Suite 590,56823,Moodyhaven,China
143,1,786 Jessica Drive Apt. 666,73791,Port Michaelland,Nigeria
144,1,29775 Brewer Mill Apt. 680,45004,North Jennifer,Cape Verde
145,1,5927 Jessica Springs,94827,Cookburgh,Equatorial Guinea
146,1,44153 Walker Skyway Suite 794,95751,Port Sara,Guatemala
147,1,48629 Richards Divide Apt. 012,03596,Stevenstown,Malawi
148,1,21190 Evan Isle Apt. 748,35117,South Kimview,Iraq
149,1,88172 Amanda Tunnel,21122,New Jamesland,Cayman Islands
150,1,315 Hicks Oval,19261,Patelberg,Saint Lucia
151,1,11617 Leonard Cliffs,48857,New Kimberly,Gambia
152,1,500 Ochoa Parkways,46942,New Marissa,Heard Island and McDonald Islands
153,1,82682 Jesse Trafficway Apt. 294,39808,South Jacobbury,Gabon
154,1,8102 Thomas Walk,38562,North Geraldland,Argentina
155,1,73673 Fox Mountains,51844,Stephaniefurt,Croatia
156,1,6710 Arias Alley Suite 381,21617,Melissabury,Indonesia
157,1,41860 Garcia Point,29650,Caldwellchester,Lebanon
158,1,0197 Gutierrez Point Apt. 382,96778,Daymouth,Iraq
159,1,2088 Kline Manors,02800,North Amandaborough,Nicaragua
160,1,943 Amber Dam,57445,Lake Kayleeview,Afghanistan
161,1,31219 Nelson Light Apt. 272,06974,North Christopher,Luxembourg
162,1,3526 Sara Turnpike Suite 830,12544,West Michael,Jamaica
163,1,6444 Mclaughlin Brook,61764,Lawrenceside,Swaziland
164,1,3068 Green Ridge Apt. 541,10040,Carolland,French Polynesia
165,1,4939 Alejandro Fall,56224,Myersstad,Norway
166,1,76087 Robert Trafficway,98926,New John,Uzbekistan
167,1,471 King Lakes Apt. 232,56449,Mooreton,Philippines
168,1,661 Hughes Ridges Apt. 438,41948,New Ronaldmouth,New Caledonia
169,1,36607 Ryan Mountain Suite 538,69084,Freemantown,Mauritania
170,1,680 Jason Ferry Suite 146,24733,Gibbsfurt,Latvia
171,1,648 Roberts Rapid Apt. 486,38813,Lake Danielhaven,El Salvador
172,1,1129 Christina Throughway,43417,Rebeccaberg,Tajikistan
173,1,68207 Oneal Center,57900,Amandatown,Mayotte
174,1,3169 Rowe Crescent Suite 297,59656,West Jasonfort,Cayman Islands
175,1,6618 Lucas Haven,86047,Schmidtburgh,Cape Verde
176,1,8459 Houston Fort Suite 398,86674,South John,Mozambique
177,1,32222 Chang Shoal Suite 026,44312,Justinville,Tanzania
178,1,00678 Katherine Fork Apt. 690,88252,New Lauren,Korea
179,1,81682 Walker Parkways,74543,Port Tracy,Cayman Islands
180,1,81159 Cox Villages,49827,Aaronburgh,Bouvet Island (Bouvetoya)
181,1,7016 Danielle View,42534,South Jack,British Virgin Islands
182,1,4779 Adam Plain,87541,Santosmouth,Belize
183,1,104 Ryan Track,94301,Kellyfurt,Qatar
184,1,0805 Wade Forest Suite 538,65416,Port Melissamouth,Serbia
185,1,30311 Harrington Mountains,60620,New John,Saint Lucia
186,1,292 John Mountains Suite 727,60220,Martinezmouth,Tanzania
187,1,067 Davidson Plain Apt. 520,84472,West Brandonchester,Nepal
188,1,50471 Kayla Stream,84390,Hollybury,Timor-Leste
189,1,6394 Gabriel Rapid Apt. 551,36973,Jonshire,Martinique
190,1,07231 Mathew Springs Apt. 256,84887,Lake Veronicaborough,Israel
191,1,055 Peter Mews Apt. 974,65960,West Richard,Finland
192,1,82067 Oscar Pass,89146,Kingport,Guam
193,1,0476 Erik Mountains Apt. 923,09810,Cindyborough,Kiribati
194,1,696 Warner Point,92029,New Jessicachester,Congo
195,1,013 Joseph Viaduct Apt. 447,87189,Nicholasfort,Sao Tome and Principe
196,1,82573 Martinez Lakes,88047,New Alyssa,Armenia
197,1,235 Nicole Wells,76481,West Michael,Botswana
198,1,048 Heidi Walk Suite 739,34568,Campbellstad,Angola
199,1,35530 Robert Forges Apt. 400,81532,Tinaside,Reunion
200,1,418 Sharon Underpass,37717,West Lisahaven,Mauritius
201,1,5960 Schneider Parkway Apt. 779,63938,Johnsonfort,Saint Martin
202,1,337 Richard Highway Apt. 618,03506,East Mary,Kiribati
203,1,4963 Jennifer Meadow,11872,Lake Stevenhaven,Falkland Islands (Malvinas)
204,1,1112 Connor Park Apt. 239,05195,South Craig,Macao
205,1,3091 Karen Harbor,12337,Lake Todd,Georgia
206,1,8619 Santos Lodge,93684,Port Bradside,Greece
207,1,13134 Bradley Shoal Apt. 036,34982,Lake Monica,Heard Island and McDonald Islands
208,1,292 Marshall Plains,20157,Randolphfurt,Turks and Caicos Islands
209,1,87074 James Heights,20287,Cindyville,United States of America
210,1,481 Meza Centers,73656,South Kevinberg,Mauritius
211,1,03816 Ramirez Squares,73949,Kellychester,Tokelau
212,1,46191 Mcgee Trace,83540,Lake Brianshire,Colombia
213,1,9943 Steven Islands Apt. 677,29270,South Leslieport,Niger
214,1,21253 Heather Flats,91572,Jacksonland,Bahamas
215,1,315 Dunn Stravenue Apt. 506,66286,Francesside,Slovenia
216,1,6863 Nguyen Skyway Suite 008,76630,West Ginabury,Cyprus
217,1,791 Brooke Fort,41134,Riverabury,Brazil
218,1,12001 Garcia Views,78518,Ginaberg,Antarctica (the territory South of 60 deg S)
219,1,78789 Robert Junctions,33166,Sabrinafurt,Gibraltar
220,1,5902 Vicki Parks,11443,Carolynbury,Bahamas
221,1,06950 Steven Gateway,65360,Georgemouth,Falkland Islands (Malvinas)
222,1,3355 Austin Parkway Suite 902,84618,Robersonton,Finland
223,1,4907 Guerrero Plains,16116,Michaelbury,Greenland
224,1,8358 Douglas Crest Suite 510,23543,Justinfort,Mongolia
225,1,2909 Daniel Cliffs,80138,Elliottmouth,Uganda
226,1,37634 Mary Green Suite 312,32612,East Blakemouth,United States Virgin Islands
227,1,391 James Inlet,78403,Wadeville,Equatorial Guinea
228,1,957 Perez Mill,60755,Cherylhaven,Congo
229,1,2090 Joshua Forge,40226,North Christinafort,Saint Helena
230,1,2764 Moreno Row Suite 043,20640,West Michael,Portugal
231,1,58693 Ball Valley,94486,Harringtonberg,Germany
232,1,51669 Lisa Square Suite 642,97778,East James,Madagascar
233,1,151 Anita Knoll,06688,Goldenside,Egypt
234,1,585 Charles Coves Apt. 009,48295,South Virginiaborough,Martinique
235,1,9654 Sullivan Track,92496,South Jeff,Gibraltar
236,1,043 Bryant Radial Suite 664,92246,Joelburgh,Tunisia
237,1,229 Smith Lock,46982,Port Jeremy,Australia
238,1,872 Jeffrey Grove,68999,Smithchester,Iran
239,1,931 Kirby Fields Suite 736,85060,North Aliciaburgh,Algeria
240,1,2831 Dixon Ridges Apt. 882,45639,Johnsonshire,Grenada
241,1,760 Schwartz Fall Suite 683,10056,East Chrisberg,Denmark
242,1,54760 Chavez View Suite 945,76000,Lake Carolineville,Croatia
243,1,974 Nelson Wall,51278,Shannonborough,Grenada
244,1,95391 Mary Terrace,23137,New Daniel,Nicaragua
245,1,92888 Rodgers Flats Apt. 176,39625,South Annport,Puerto Rico
246,1,149 Michael Extensions Apt. 381,87573,Thomaston,British Indian Ocean Territory (Chagos Archipelago)
247,1,9592 Shawn Drives,58143,Shelleytown,Western Sahara
248,1,07020 Reilly Forks,39943,Yvonneburgh,Slovakia (Slovak Republic)
249,1,210 Joshua Burgs Suite 145,41091,Russellville,New Caledonia
250,1,65954 Washington Rapids,82157,Erichaven,Kiribati
251,1,488 Stone Summit Apt. 386,12049,West Summer,Western Sahara
252,1,3158 Meyer Fork,37636,South Brenda,Honduras
253,1,30782 Mcdonald Mill,54917,Lake Tinashire,Mongolia
254,1,81403 Dustin Radial,74850,Youngshire,Germany
255,1,877 Jones Expressway,66266,Moorechester,New Zealand
256,1,743 Angela Port,72079,Michaelstad,Comoros
257,1,625 Coffey Villages,19416,Port Gregoryville,Cook Islands
258,1,9216 Lynch Trail Apt. 789,65040,Ramirezberg,France
259,1,3161 Rodriguez Circles Apt. 380,09794,Larsonmouth,Armenia
260,1,5402 Paula Shore,43071,South Michaelchester,Niue
261,1,764 Justin Burg,99402,Garrettchester,Saint Barthelemy
262,1,96301 Gabrielle Port Apt. 409,34824,Georgebury,Namibia
263,1,280 Jill Isle,72586,Jamesland,South Africa
264,1,58377 Ramos Divide,73851,East Matthew,Costa Rica
265,1,4663 Kristin Summit,30787,North Timothy,Canada
266,1,00770 Baxter Knolls Apt. 803,23560,South Pamelaton,Western Sahara
267,1,6165 Sharp Heights Suite 812,83244,Lake Christina,Yemen
268,1,6748 Gonzalez Village,85054,Johnsonborough,Slovakia (Slovak Republic)
269,1,54516 Jeremiah Streets Apt. 804,20579,Trevinostad,Faroe Islands
270,1,84252 Meyers Plaza,01163,West Brandon,Argentina
271,1,3611 Abigail Groves Apt. 382,65584,New Beth,Samoa
272,1,16823 Michael Branch,67236,Lisaton,Austria
273,1,973 Gibbs Hill Apt. 417,54213,Tonyaport,Nigeria
274,1,65151 Monica Parkway Suite 361,96562,Greeneview,Burkina Faso
275,1,41730 Debra Loop Apt. 917,97123,Allisonborough,Bosnia and Herzegovina
276,1,703 Morales Mission Apt. 825,27464,East Michaelbury,Falkland Islands (Malvinas)
277,1,6070 Jason Isle Suite 201,01038,Meyerhaven,Netherlands
278,1,445 Susan Loop,15049,Brianhaven,Guadeloupe
279,1,512 Gallegos Plaza Suite 932,82501,Jenkinstown,Greece
280,1,0874 Brooks Cape,94367,Port Lisa,French Guiana
281,1,4927 Miller Locks,46452,West Brian,Iran
282,1,52214 Collins Springs,08813,Galvanport,Spain
283,1,70023 Mary Streets Suite 751,44351,Johnburgh,Nigeria
284,1,125 Michael Square Suite 417,12668,Oliviaberg,Australia
285,1,2543 Mitchell Parks,28634,Port Michelle,United States Virgin Islands
286,1,022 Tucker Rest Suite 643,89878,Lake Brandonhaven,Latvia
287,1,03835 Miller Springs,71985,Rubiobury,Zimbabwe
288,1,700 Renee Plaza Suite 067,72670,Davischester,Reunion
289,1,393 Carlson Avenue Suite 740,88538,North Michaelhaven,Argentina
290,1,5620 Rebecca Hill,89273,North Bretthaven,Niue
291,1,85943 Ashley Square,76251,North Kendra,Niger
292,1,4487 Boyle Village Suite 839,02597,East Kristy,Saudi Arabia
293,1,273 Mcgee Expressway,43733,Dixonbury,Uzbekistan
294,1,13701 Lucas Circles Suite 671,04672,South Alexandra,Croatia
295,1,1719 Myers Drive Suite 475,49216,East Anafort,Moldova
296,1,45310 Steven Street Apt. 523,12413,North Geraldfort,Djibouti
297,1,98810 Bill Ways,12293,Lake John,Wallis and Futuna
298,1,576 Martin Expressway,54928,Joshuamouth,Israel
299,1,1953 Sara Extensions,04263,Johnsonmouth,Jordan
300,1,25698 Larry Tunnel Apt. 615,48617,East Danielleborough,Egypt
301,1,071 Jessica Gardens,34718,Chavezport,Norway
302,1,9134 Ana Dam Suite 252,03446,New Sandra,Egypt
303,1,54707 Weber Turnpike Suite 471,18058,West Wanda,Bulgaria
304,1,9364 David Via Suite 846,90439,Johnsonstad,Finland
305,1,4270 Barnes Prairie Apt. 710,57761,West Melanietown,France
306,1,28420 Brown Knoll,34076,North Jonathan,Antigua and Barbuda
307,1,1715 Melinda Street Suite 389,97114,Josebury,Israel
308,1,49773 Justin Well Apt. 941,37385,New Christophershire,Russian Federation
309,1,35429 Frederick Inlet,18121,North Chelseamouth,Haiti
310,1,430 Gilbert Mount,56388,Bonniebury,United States Minor Outlying Islands
311,1,94516 Robert Mall Suite 619,40241,Simpsonburgh,Guam
312,1,210 Brown Curve,55898,East Alexisport,Falkland Islands (Malvinas)
313,1,6119 Rachel Centers,95972,Candicemouth,Barbados
314,1,43494 Williams Shore,10150,Jenniferfort,Tuvalu
315,1,630 Hill Islands,33717,Elliottville,France
316,1,446 Garcia Field Apt. 919,66023,Samuelmouth,Azerbaijan
317,1,2784 Berger Valley Suite 239,73315,Wardberg,Brazil
318,1,23391 Alexandra Forest,06681,North Cory,Algeria
319,1,61070 Jose Vista,20959,Donovanton,Morocco
320,1,0175 Emily Squares,99118,Kelleychester,Malaysia
321,1,336 Massey Ridge Apt. 216,93960,Ericamouth,Mali
322,1,8225 Christopher Crossing Suite 293,16569,New Jennifer,Wallis and Futuna
323,1,9551 Christine Gardens Suite 987,90402,North James,Liechtenstein
324,1,8210 Gina Field Apt. 671,35603,Raystad,Lithuania
325,1,2042 Jensen Skyway,09743,Christopherland,Sweden
326,1,83635 Brent Pines Suite 254,86780,East Jamesborough,Puerto Rico
327,1,8593 Mccormick Skyway,72196,North Michaelmouth,Vietnam
328,1,827 Garcia Estates Apt. 335,01840,North Jeremiahchester,Niue
329,1,894 Henry Parkway Suite 828,40138,Colemanborough,New Caledonia
330,1,31985 Nguyen Station,38455,Michaelfort,Mozambique
331,1,09008 Charles Crossroad,33978,West Michaeltown,Denmark
332,1,7318 Williams Mountains Suite 864,70083,Phyllischester,Saudi Arabia
333,1,310 Hanson Locks,98018,New Maryburgh,Belgium
334,1,202 Hernandez Inlet Apt. 816,04672,Garrettfort,Colombia
335,1,330 Catherine Hollow Suite 280,14484,East Vernonton,Kenya
336,1,033 Victor Avenue Suite 613,02668,Lindamouth,Thailand
337,1,5958 Lara Cape Suite 475,25056,New Veronicaville,Kuwait
338,1,136 Rodriguez Ports Apt. 390,97230,Jessicahaven,Armenia
339,1,68823 Mullins Isle,89215,Jessicafurt,Belarus
340,1,8020 Parks Way Apt. 989,51773,Carolynview,New Caledonia
341,1,94837 Wilson Loaf Suite 574,01223,Hollybury,Saint Vincent and the Grenadines
342,1,14361 James Turnpike,10855,Morrisville,Cameroon
343,1,1297 Brown Drives Suite 289,35528,East Davidfurt,Guernsey
344,1,350 Lambert Key Apt. 878,78762,Fuentesberg,Ghana
345,1,63844 Mccann Pine Suite 877,82266,Claudiachester,Niger
346,1,2319 Hernandez Port,34994,Seanside,Netherlands
347,1,207 Lewis Stream,71987,Port Alexandra,South Africa
348,1,68628 Reid Ports,96003,South Derrick,Canada
349,1,8585 Brewer Pines Apt. 198,41390,West Melissa,Falkland Islands (Malvinas)
350,1,7945 Melissa Ports Suite 046,32644,South Patriciafort,Peru
351,1,97145 Lawrence River Apt. 619,49150,New Aaron,Turks and Caicos Islands
352,1,5009 Aguilar Center,98813,East Jeff,Hong Kong
353,1,084 Murray Stream Suite 127,00886,Lake Tinabury,Latvia
354,1,41911 Sharp Hills Apt. 282,18799,Port Miguel,Cape Verde
355,1,322 Little Alley,46859,East Richard,Hungary
356,1,76015 Clark Run,10384,East Hannahtown,Guinea-Bissau
357,1,2405 Christine Walk,88168,South Erikburgh,Solomon Islands
358,1,83168 Brooke Via,19568,North Larryhaven,Gibraltar
359,1,8985 Chavez Throughway,77757,South Stephaniemouth,Canada
360,1,24338 Rachel Stravenue,80023,Lovefort,Finland
361,1,626 David Vista,28676,Seanborough,Jordan
362,1,841 Eaton Road Suite 585,02088,Kathleenbury,United States Minor Outlying Islands
363,1,7503 Mcguire Common,68086,Sandersshire,Albania
364,1,9525 Horton Fork,45294,Josephview,Egypt
365,1,7439 Elizabeth Port,45716,Jamesstad,Niger
366,1,20275 Ronald Underpass,86535,East Jasmin,Guatemala
367,1,178 Justin Station Suite 155,35076,New Lisa,New Zealand
368,1,200 Tyler Ridge,84173,Taylorfurt,Andorra
369,1,309 Barbara Hollow Suite 014,65219,Bryanbury,Brazil
370,1,212 Alexander Extensions Suite 320,49272,Lake Sandrahaven,Botswana
371,1,56546 Black Groves,59581,West Kevinburgh,Vietnam
372,1,176 Cox Stravenue,99576,Gonzalezstad,Central African Republic
373,1,3605 Laura Circles,52406,South Thomas,Greenland
374,1,418 Stout Field Apt. 579,28363,Austinmouth,Gabon
375,1,24562 Watkins Ways Apt. 922,98945,New Shirley,Saudi Arabia
376,1,5314 Bryant Cliffs Apt. 790,77785,Gillfurt,Nicaragua
377,1,130 Brandon Brook Apt. 103,87819,Port Shelley,Malta
378,1,3889 Ian Motorway Apt. 018,66729,Meganchester,Solomon Islands
379,1,468 Caleb Crossroad Suite 059,85350,South Angelaview,Saint Vincent and the Grenadines
380,1,445 Gross Oval Suite 612,42338,South Alicia,Uganda
381,1,43418 Edwards Lock Apt. 909,06847,Larryborough,Colombia
382,1,3191 Maldonado Oval Apt. 773,66915,Laurenside,Oman
383,1,931 Perez Plaza,15927,Brownport,Philippines
384,1,035 Garrett Walks Apt. 988,20883,South John,Philippines
385,1,366 Bradley Track,43589,Petermouth,Liechtenstein
386,1,417 Sara Trace,78209,Buchananfurt,Haiti
387,1,104 Ortiz Forest Suite 196,02294,Stephenborough,South Georgia and the South Sandwich Islands
388,1,2852 Black Coves,90382,South Shirley,Turkey
389,1,4410 James Fields Apt. 903,59305,Wardhaven,Bosnia and Herzegovina
390,1,105 Salazar Shoal Suite 045,73019,South Angel,Turks and Caicos Islands
391,1,2363 Anne Landing Suite 574,89414,New David,Japan
392,1,192 Michelle Burgs,96936,Alexandershire,Guinea
393,1,738 Matthew Turnpike,13619,Lake Holly,Poland
394,1,7945 Cantrell Village,38040,Lake Emily,Togo
395,1,1401 Bush Walks Suite 935,07140,Rojasview,Equatorial Guinea
396,1,0160 Charles Courts,74670,Emmahaven,Mauritania
397,1,6615 Christopher Well Apt. 396,76469,Nguyenville,Cocos (Keeling) Islands
398,1,894 John Bypass Suite 491,37797,West Erin,Cape Verde
399,1,89326 Hall Tunnel Apt. 518,68982,Crawfordport,Croatia
400,1,17787 Nathan Fall Suite 557,94227,Gallowayburgh,Isle of Man
401,1,387 Gray Station Suite 350,64276,Nicoleport,El Salvador
402,1,130 Moore Squares,58485,Kingshire,Kazakhstan
403,1,956 Monica Summit,73166,Lake Heather,Madagascar
404,1,803 Jacqueline Plaza,69857,Lake Tracy,Mauritius
405,1,0849 Johnson Gateway Suite 774,47368,Port Cameron,Niger
406,1,88958 Schroeder Plains,61678,Ashleyberg,Seychelles
407,1,55219 Ramirez Isle Suite 959,03427,South Travis,Uganda
408,1,7840 Bryan Prairie,05644,Chelseafort,Nigeria
409,1,2553 Morales Brook,87658,New Jonathan,New Zealand
410,1,962 Rodney Mount Apt. 272,54196,Burnsville,Mali
411,1,621 Smith Lake,68421,Michaelburgh,Saint Barthelemy
412,1,377 Shannon Key Apt. 395,35274,Freemanport,Northern Mariana Islands
413,1,219 Wolf Causeway,10603,Victoriachester,Netherlands Antilles
414,1,007 Elijah Forks,62367,Dustinland,Ecuador
415,1,115 Todd Squares,45202,Samanthamouth,Haiti
416,1,99956 Timothy Island Apt. 660,06290,New Nathanielmouth,Austria
417,1,0275 Moran Shoals,81350,Arnoldberg,Cayman Islands
418,1,780 Elaine Fort Apt. 502,14125,Danielbury,British Indian Ocean Territory (Chagos Archipelago)
419,1,63305 Smith Pines Suite 804,37339,North Andrewside,Ethiopia
420,1,557 Calhoun Valleys Suite 335,49078,Stephenton,Congo
421,1,810 Jennifer Creek Suite 135,27107,Mendozafurt,Tunisia
422,1,597 Wolf Row,68948,Port Haley,Malawi
423,1,2549 Young Stream Suite 535,94577,Anthonyberg,Cayman Islands
424,1,194 Jeffrey Manor Apt. 206,93411,Andersonbury,Uganda
425,1,66499 Andrew Orchard Suite 428,11815,Leemouth,Zambia
426,1,74740 Heidi Plaza Suite 805,83540,Martinchester,Uganda
427,1,76173 Maria Dam Apt. 842,94623,West Tara,Dominica
428,1,4945 Nelson Mission,64671,Jamieville,Singapore
429,1,453 Diane Orchard,07999,Port Derek,Oman
430,1,240 Barber Trail Suite 763,65457,Cynthiachester,Nicaragua
431,1,62526 Hunter Knoll Apt. 892,81250,East Nancy,Antigua and Barbuda
432,1,07185 Raymond Junction,46971,Lake Lauraville,Djibouti
433,1,424 Williams Center,22656,North Ashleyland,Cape Verde
434,1,61039 Sweeney Fall Apt. 880,55881,Wardville,Cuba
435,1,91101 Cameron Unions,57199,Reyesshire,Brazil
436,1,95640 Douglas Trace Apt. 358,12201,East Dennis,Solomon Islands
437,1,792 Maldonado Street Suite 208,58028,West Josefurt,Bosnia and Herzegovina
438,1,11841 Christina Lakes Apt. 848,75360,Michaelhaven,Saint Pierre and Miquelon
439,1,764 Stacy Drives,22268,Juanmouth,Haiti
440,1,6429 Green Dam,02949,North Jason,Bhutan
441,1,07890 Robert Lock Apt. 765,41091,Greenbury,Mauritania
442,1,19927 Hill Burg,97509,Vaughnport,Hungary
443,1,808 Doyle Orchard,15312,Reidberg,Cook Islands
444,1,48862 Lowe Row Apt. 719,70237,Candiceville,Isle of Man
445,1,0128 Russell Circles,49954,Theresaland,Nigeria
446,1,2563 Hudson Lock,76492,Lake Robinshire,Macedonia
447,1,42897 Hall Motorway,95955,New Mark,Macao
448,1,08163 Steven Parkways,38966,Hernandezstad,Kenya
449,1,4811 Lawrence Ranch,35039,Aaronview,Thailand
450,1,0486 Samantha Trafficway Apt. 930,46098,Rodriguezmouth,Brazil
451,1,9876 Robertson Unions Apt. 465,30338,Whitefurt,Saint Pierre and Miquelon
452,1,6963 Wendy Brook,94526,Mooreville,Mongolia
453,1,267 Pierce Island Suite 806,07652,Donaldville,Malawi
454,1,982 Webb Viaduct,15138,Hollandtown,British Virgin Islands
455,1,5122 Diaz Wall Apt. 797,76573,West Colleen,Slovenia
456,1,09136 Melissa Locks,10492,Michaelview,Northern Mariana Islands
457,1,74173 Jessica Cliffs,46177,East Nicholas,Iceland
458,1,48807 Noah Drives Suite 159,21227,East Michaelburgh,Ecuador
459,1,326 Blackwell Rue Suite 880,93084,Delacruzborough,Mozambique
460,1,5377 Cody Plains Apt. 256,01705,Charlesland,Gibraltar
461,1,361 Le Corner Suite 841,42795,Lisafurt,Armenia
462,1,17651 Rhodes Gateway Suite 297,97302,West Jesse,Romania
463,1,1595 Chen Tunnel Suite 435,45213,East Andrewhaven,Equatorial Guinea
464,1,8454 Juan Tunnel Suite 379,47479,Rodriguezville,Comoros
465,1,823 Tina Throughway,80058,Port Mary,Aruba
466,1,604 Jacqueline Ports Suite 737,39631,East Donaldside,Central African Republic
467,1,866 Shannon Centers,36567,Vincentchester,Saint Lucia
468,1,5817 Turner Lodge,94056,Port Sarahhaven,Cambodia
469,1,53613 Jennifer Ramp Suite 760,57602,Port Adriana,Palau
470,1,11366 Justin Glens,22090,Lake Clarencefort,Norway
471,1,08641 Allison Streets,04641,North Davidberg,Micronesia
472,1,933 Owens Mews Apt. 447,78760,Jimenezfort,Chile
473,1,7966 Steven Via,72736,Russoview,Namibia
474,1,0223 Robert Mill,58617,Lopezport,Zambia
475,1,28594 Hampton Ramp,69596,Jacksonville,Lesotho
476,1,3679 Vanessa Mountain Suite 268,04694,Sandovalmouth,Saint Kitts and Nevis
477,1,42694 Riley Plaza,29530,Port Kevin,French Guiana
478,1,9151 Walters Junctions Suite 959,53902,Smithchester,Malta
479,1,40612 Keller Groves,16309,Underwoodborough,Albania
480,1,094 Wilson Tunnel,91677,New Nathan,British Virgin Islands
481,1,432 Buckley Drives Apt. 494,18086,Staceyland,Argentina
482,1,8012 Timothy Forge,52287,West Brian,Turkey
483,1,50783 Megan Shore,01733,Dalebury,Cote d'Ivoire
484,1,63058 Parker Orchard,94401,New Jennifer,Nepal
485,1,1025 Thompson Brooks Apt. 767,70190,South Chelsea,Saudi Arabia
486,1,57240 Hanson Run,96264,North Kristinefurt,Bermuda
487,1,0441 Roy Fort Suite 032,24329,Lake Anna,Iran
488,1,21598 Brian Squares Suite 099,77874,East Elizabethstad,French Guiana
489,1,467 Lindsay Isle,18715,Tamaraton,United States Minor Outlying Islands
490,1,68219 Palmer Forks Apt. 190,98367,Jonathanbury,Niger
491,1,90053 Webster Haven,41017,Hinesborough,Turkey
492,1,499 Murray Fords,91152,Johnsonstad,Switzerland
493,1,545 Carla Harbors,88260,Charlesborough,Portugal
494,1,63981 Anderson Valleys Suite 248,82046,Lake Johnfort,Micronesia
495,1,8164 Kristi Mountains Suite 759,35849,Ryanchester,United Kingdom
496,1,7660 Allen Lock,50025,Russellside,Eritrea
497,1,557 Lewis Square Apt. 365,46871,Castilloport,Ireland
498,1,6884 Jackson Ports Suite 492,35065,Richardport,United Arab Emirates
499,1,94322 Mccoy Brooks,81952,Zacharyburgh,Bolivia
500,1,807 Karen Harbors Suite 492,49971,Hallmouth,Tanzania
501,1,481 Lisa Points,15523,North Joshuaborough,Algeria
502,1,625 Stephen Centers,50755,Lake Derek,Sao Tome and Principe
503,1,35998 Blake Vista,57358,Howellville,Benin
504,1,954 Cole Lake Apt. 848,00637,West Brendaborough,Netherlands
505,1,9593 Nicole Avenue Apt. 201,75260,Simsbury,Netherlands Antilles
506,1,07623 Williams Forest Suite 878,49558,West Michael,Faroe Islands
507,1,1168 Cheryl Squares,76127,East Stephanieton,Palau
508,1,2237 Daniel Port,85799,New Sherrishire,Saint Helena
509,1,51654 Hicks Trafficway,44360,North Peter,Tunisia
510,1,563 Walsh Knolls,47716,Hannahberg,Comoros
511,1,428 Melissa Route Suite 046,59987,Andersonburgh,Burundi
512,1,7159 Daniel Walks,29164,Lake Danielle,Philippines
513,1,4526 Smith Port,75728,Port Matthewmouth,Niue
514,1,727 Kara Ways,08848,Port Juliehaven,Greece
515,1,26864 Paul Trace Apt. 276,30375,Marytown,Saint Helena
516,1,69996 Jessica Loop,94785,Oliverside,Cook Islands
517,1,6117 Erickson Causeway Suite 169,95538,Danielside,Central African Republic
518,1,89058 Thompson Tunnel Apt. 878,99242,Bookerfort,Iran
519,1,0809 Baker Divide Apt. 318,22359,Port Stevenbury,Saint Lucia
520,1,5692 Landry Pines,86054,Jonathantown,Saint Pierre and Miquelon
521,1,206 Prince Road,32840,Thomasmouth,Switzerland
522,1,811 Daniels Station,19867,Jenniferburgh,Yemen
523,1,81128 Roach Groves,24176,Port Cynthiaport,Malawi
524,1,059 Thomas Dale,90282,Johnsonside,Saint Barthelemy
525,1,197 Brett Lodge,94274,Port Jose,Myanmar
526,1,8493 Mitchell Ford,04668,Lopezstad,Bhutan
527,1,567 Rebecca Underpass,46859,South Brent,Guernsey
528,1,1138 Crystal Divide Apt. 613,55462,Hurstview,El Salvador
529,1,74651 Heather Turnpike,76250,Rodriguezville,Tajikistan
530,1,177 Jacqueline Square Apt. 030,22581,Phillipmouth,Malaysia
531,1,6958 Morse Well,12490,Williamsburgh,Saudi Arabia
532,1,239 Jeremy Manor,49027,Orozcoton,Azerbaijan
533,1,5127 Williams Hill,08847,Mcgrathfort,Saint Lucia
534,1,569 Allen Mountains,57827,Alexanderborough,Brunei Darussalam
535,1,26475 James Gateway,10855,South Stevenside,Israel
536,1,713 Blake Harbor Suite 193,39651,Johnsonport,Uruguay
537,1,286 Alicia Mount,82774,Danielsport,Singapore
538,1,929 Scott Plains,75934,Karenside,Samoa
539,1,40230 Solomon Dale Suite 792,26058,East Phillip,Afghanistan
540,1,7708 Davis Dale Suite 348,43986,Reginastad,Saint Kitts and Nevis
541,1,271 Gomez Heights Apt. 670,36484,Sandersborough,Anguilla
542,1,27877 Baker Heights Suite 883,17100,North Kelly,Egypt
543,1,291 Wilson Mountain Suite 220,18685,Maymouth,Malawi
544,1,571 Michael Throughway Apt. 883,15993,Sherriburgh,Tanzania
545,1,718 Malone Mount Apt. 577,60271,Mitchellside,Saudi Arabia
546,1,76142 Cross Parkways Suite 087,78715,Nathanfurt,Netherlands Antilles
547,1,5091 Hardy Lakes,73054,Christopherfort,Albania
548,1,9562 Colon Green,53346,Scottside,Uzbekistan
549,1,01454 Gray Glen Apt. 178,54765,Howellview,Lesotho
550,1,817 Miller Union Apt. 454,44987,Williemouth,Macedonia
551,1,42683 Catherine Alley,71474,West Melissa,Grenada
552,1,905 Parker Viaduct,03809,Williamsmouth,Malta
553,1,66359 Tracy Squares,64225,South Sydney,Sweden
554,1,2517 Audrey Underpass Suite 308,45135,Lake Debrashire,Nigeria
555,1,5965 Andrew Course Suite 888,91697,New Donnaberg,Bangladesh
556,1,11270 Lopez Gateway,28370,East William,Kiribati
557,1,085 Coleman Locks,87120,Anthonystad,Libyan Arab Jamahiriya
558,1,47070 Tate Islands Suite 657,30968,Pattersonfort,Saint Vincent and the Grenadines
559,1,1510 David Estates,39990,Hallborough,Belarus
560,1,375 Kennedy Circle,51716,West Sandramouth,Iceland
561,1,9473 Torres Glen Suite 601,37869,West Christina,Northern Mariana Islands
562,1,489 Alexander Falls Suite 231,62834,Annaburgh,Albania
563,1,63416 Christina Path Suite 138,23917,New Marthaland,Togo
564,1,877 Christopher Courts,28793,Kiddmouth,Fiji
565,1,799 Nguyen Ville,46461,South Samanthafurt,United Kingdom
566,1,64017 Emily Knoll,56811,Stokesport,Belarus
567,1,1877 Morgan Plaza Apt. 275,70625,Lake Ericland,Vietnam
568,1,440 Lang Club,37669,North Stephanieview,Uruguay
569,1,8851 Ross Green,25074,Harrisberg,Palau
570,1,1969 Hansen Club,74623,New Johnstad,Antarctica (the territory South of 60 deg S)
571,1,82839 Patricia Mall,83834,Ewingstad,Moldova
572,1,6225 Fowler Plains Apt. 064,07194,Lake Javierchester,Kenya
573,1,7078 Michael Manors,46696,Thomasfort,Indonesia
574,1,3077 Figueroa Course,37599,Lake Megan,Ghana
575,1,1154 Davila Inlet,43373,Lake Edwardshire,Jersey
576,1,39549 Roberts Trace Suite 861,09417,West Adamland,Niger
577,1,46986 Anderson Prairie,74784,Port Nicole,Venezuela
578,1,13634 Jason Brooks Suite 154,92903,Burkeburgh,Palestinian Territory
579,1,22461 Jones Bridge Apt. 656,15445,Marcburgh,Turkmenistan
580,1,499 Aguilar Junction,00861,Taylorburgh,American Samoa
581,1,75181 Martinez Pass Apt. 069,53075,New Deanna,Lesotho
582,1,4087 Kayla Valleys Suite 121,89725,Perezfort,Hungary
583,1,82787 Ramirez Harbors,62018,Roychester,Congo
584,1,1916 Kevin Lakes Suite 624,20426,West Kimberlymouth,Belgium
585,1,37966 Hall Mission,93372,New Jamesburgh,South Africa
586,1,323 Martinez Stream,02198,Romeroland,Guam
587,1,613 Kelly Loaf Suite 463,03332,Anthonymouth,Togo
588,1,48919 Barber Courts Suite 574,54173,Norrisfort,Bangladesh
589,1,442 Gonzalez Fall,02089,Brendanburgh,Chad
590,1,396 Thomas Landing Apt. 276,79343,Stephenshaven,Mexico
591,1,71796 Hicks Streets,36577,Hamiltonside,Jordan
592,1,9798 Judy Mall Apt. 122,88449,New Jessica,Malawi
593,1,878 Brandon Court,73740,New Linda,Monaco
594,1,5527 Luis Glens Suite 284,91171,Rosalesfurt,Argentina
595,1,31499 Johnston Groves Suite 378,33774,Lake Anthony,Heard Island and McDonald Islands
596,1,413 William Roads Apt. 926,61475,New Connie,Armenia
597,1,038 Steven Gardens,29947,Andrewville,Zambia
598,1,215 Nguyen Trace,23807,Andrewston,Antarctica (the territory South of 60 deg S)
599,1,9909 Austin Drive,58526,Lake Robin,Congo
600,1,06565 Kirby Field Apt. 653,60919,Weaverbury,Netherlands Antilles
601,1,1586 Leslie Alley,36449,Goldenberg,Moldova
602,1,723 Jennifer Harbor,25158,South Melanie,Gabon
603,1,30137 Boyd Ways Apt. 410,10627,Melissachester,Bermuda
604,1,00265 Mary Summit Apt. 728,93890,East Kelly,Gabon
605,1,39232 Miller Branch Suite 008,76484,Smithfurt,Antigua and Barbuda
606,1,10099 Torres Burgs,95764,Alanshire,Taiwan
607,1,045 Ashley Mount,11230,South Sarah,Lithuania
608,1,597 Schmitt Summit,87163,Thompsonside,Cuba
609,1,5331 Taylor Canyon,00713,Archerchester,Bosnia and Herzegovina
610,1,9984 Norman Court Suite 302,23258,South Jeremy,Suriname
611,1,871 Craig Dam,80344,Murrayfort,Indonesia
612,1,8613 Michael Ridge,85810,East Ronaldport,Guatemala
613,1,07261 Andrew Mills,72608,Thomasfort,Marshall Islands
614,1,8914 Anderson Isle,67114,Morganburgh,Brunei Darussalam
615,1,608 Nicole Alley Apt. 944,06850,Henrystad,Algeria
616,1,19794 Vasquez Trafficway Apt. 780,45607,Port Lindsey,Iran
617,1,424 Glass Via Apt. 134,83533,Kevinview,Lithuania
618,1,15944 Travis Rue,92707,East Mckenzieburgh,Solomon Islands
619,1,465 Sarah Club Apt. 772,47003,Woodchester,Antigua and Barbuda
620,1,12854 Parks Heights Suite 111,60961,Webbmouth,Madagascar
621,1,3352 Charles Vista,08261,Amymouth,Brunei Darussalam
622,1,909 Edward Roads,37399,South Seanberg,British Virgin Islands
623,1,1113 Stone Land Apt. 413,68844,Buckleyville,Sri Lanka
624,1,72630 Frank Squares,27225,Caldwellview,Switzerland
625,1,499 Carol Lock,64795,West Kimberly,Isle of Man
626,1,1967 Steve Port,15523,Wrightborough,Philippines
627,1,6433 Nielsen Groves,41216,Josephside,Moldova
628,1,152 Thomas Union,82045,Jenniferview,Indonesia
629,1,752 Ellis Trail,64437,Lisaburgh,Tuvalu
630,1,67258 Suarez Lake Apt. 963,83765,Lake Beverlyport,Guadeloupe
631,1,942 Ashley Station,17250,West Wayneview,Norway
632,1,6331 Teresa Course Suite 698,49421,North Henry,Wallis and Futuna
633,1,16753 Donald Divide,92850,Kerrfort,Andorra
634,1,5413 Cole Ways,25957,New Stacy,Libyan Arab Jamahiriya
635,1,52379 Emily Lane,48502,North Kevinberg,Djibouti
636,1,47742 Santos Ridge Suite 740,48366,Davidberg,Tonga
637,1,255 Michael Ports Suite 331,51459,Cookland,Nepal
638,1,91795 Sara Cove,88144,Crawfordfort,Northern Mariana Islands
639,1,6235 Theresa Summit,98930,Victorialand,Bosnia and Herzegovina
640,1,69097 James Hollow,17167,Jasonmouth,Czech Republic
641,1,148 Murphy Field Suite 360,49523,Anthonyton,Tajikistan
642,1,287 Gray Grove Apt. 572,90714,Ramirezberg,Lao People's Democratic Republic
643,1,7454 Melissa Landing Suite 335,54410,Tinaside,Syrian Arab Republic
644,1,173 Pittman Motorway,11484,East Sheena,Kazakhstan
645,1,0034 Tonya Park,33589,Port Cameron,Turkmenistan
646,1,59167 David Extensions,98935,Lake John,Switzerland
647,1,1366 Wall Loaf Apt. 771,00951,Jennifershire,Iraq
648,1,31210 Nancy Path,55912,Vazquezfurt,Maldives
649,1,53036 Johnny Camp Suite 442,89003,East Jesse,Latvia
650,1,12894 Stephen Shoals Apt. 707,10851,Bishopmouth,Saint Kitts and Nevis
651,1,51982 Brennan Fort Suite 226,47954,Wilkersonberg,Andorra
652,1,16002 April Expressway,35064,Lake Jenniferside,British Indian Ocean Territory (Chagos Archipelago)
653,1,489 Rogers Ports,05978,Woodsville,Isle of Man
654,1,383 Ethan Ridge Suite 749,21086,Marychester,Faroe Islands
655,1,4022 Cooley Extensions,23097,Garciachester,Svalbard & Jan Mayen Islands
656,1,59976 Ortiz Skyway,98039,Teresahaven,Cote d'Ivoire
657,1,58160 Snow Crossroad Apt. 141,28755,Ryanville,Equatorial Guinea
658,1,19271 Johnson Ranch,69865,New Kendrabury,Papua New Guinea
659,1,422 Curtis Haven Apt. 762,98928,Johnsontown,Macao
660,1,306 Lawrence Radial,62807,Jeremybury,Estonia
661,1,1578 Wilcox Cove,28813,Kennedyland,Norway
662,1,61787 Clark Prairie,51238,New Michele,Grenada
663,1,506 Castro Run,07013,Prestonchester,Wallis and Futuna
664,1,081 Sara Pike Apt. 960,67718,New Jennyshire,Vanuatu
665,1,3073 Luis Wall Apt. 962,43983,South Cathy,Fiji
666,1,0206 Marshall Centers Suite 535,94163,South Jesse,Syrian Arab Republic
667,1,60285 Camacho Union Apt. 516,90872,North Miranda,Jersey
668,1,772 Kaiser Run Apt. 827,64664,South Stephanie,Jersey
669,1,453 Edward Mountain Apt. 920,83243,East Sarahberg,Montserrat
670,1,02779 Rhodes Burgs Apt. 408,23472,East Wesley,Azerbaijan
671,1,19162 Avery Estate Suite 139,49390,Michaelton,Cape Verde
672,1,0626 Martin Parks Apt. 889,30150,Deniseland,Eritrea
673,1,465 Sarah Crest,86350,Carrtown,Thailand
674,1,216 Linda Turnpike Suite 785,14569,Hernandeztown,Ireland
675,1,8543 Natasha Garden Suite 425,89423,North Allisonfurt,Venezuela
676,1,5643 Wilson Mall Apt. 539,45314,West Brittany,Bhutan
677,1,290 Villa Rest Apt. 592,48140,Lake Michaelshire,Haiti
678,1,6931 Warren Loop,74861,Lake Nancychester,Djibouti
679,1,2620 Hubbard Harbor Suite 045,94395,New Abigail,Congo
680,1,756 Jodi Loop Suite 347,90826,Williamsborough,French Guiana
681,1,45097 James Rapids,02271,Simonland,Kyrgyz Republic
682,1,4633 Howard Plaza Apt. 039,77244,West Deborah,Saint Martin
683,1,074 Crawford Landing Apt. 700,28069,East Timothyshire,San Marino
684,1,15179 Andrea Motorway,66108,Port Erin,Puerto Rico
685,1,520 Kevin Tunnel Suite 572,37340,New Kelly,Malaysia
686,1,3692 Moss Dam Apt. 558,98490,New Thomas,Bermuda
687,1,95014 Phyllis Fort Apt. 025,31980,Port Ernest,Andorra
688,1,659 Jennifer Grove Apt. 654,34383,Valerieside,Peru
689,1,594 Robin Courts,59122,Lake Wendyberg,Lebanon
690,1,031 Alexander Crescent Suite 532,88353,North David,Slovenia
691,1,4929 Tiffany Islands,89211,Higginshaven,French Southern Territories
692,1,98315 Potter Prairie,42016,Carterchester,Panama
693,1,71604 Lopez Pine Suite 463,02938,East Jessicashire,Zimbabwe
694,1,651 Mark Circle,59631,Dennisborough,Solomon Islands
695,1,802 Chad Roads Suite 299,38322,Ashleytown,Armenia
696,1,9045 Amber Hollow Apt. 297,10345,New Codyport,Venezuela
697,1,24954 Christie Divide Apt. 247,93284,Julieshire,Tajikistan
698,1,88107 Johnson Cliff,72074,Raymondland,Libyan Arab Jamahiriya
699,1,022 James Branch Suite 718,55952,Johnbury,Georgia
700,1,3321 Collins Light Suite 215,08696,Port Brendamouth,Aruba
701,1,334 Amy Plains Suite 414,41636,Lake Daleton,United Arab Emirates
702,1,025 Duncan Fields,29359,Oliviamouth,Singapore
703,1,2826 Evans Plain Suite 940,62722,Alexandermouth,Botswana
704,1,5015 Brown Stravenue,61430,Lake Jamesfort,American Samoa
705,1,90965 Mercedes Circle Apt. 521,05664,Schmidtfurt,Nepal
706,1,56709 Johnson Wells,51143,South Jennifer,Gibraltar
707,1,328 Hernandez Points Suite 535,25717,Michaelburgh,Saudi Arabia
708,1,2593 Edward Ways Suite 655,67100,South Shannonburgh,Vietnam
709,1,305 Russell Tunnel,65289,North Carolinestad,Isle of Man
710,1,29937 Ashley Rapid Suite 656,28695,Williamsland,Norfolk Island
711,1,79816 Kevin Streets,31075,East Adambury,Monaco
712,1,82902 Matthew Drives,64968,Davisbury,Egypt
713,1,63345 Rios Key Suite 938,86537,Port Jamesside,Cameroon
714,1,03447 Denise Harbor Apt. 596,82159,Willieside,Isle of Man
715,1,3508 Shaw Ways Suite 617,05747,Michaelfort,Korea
716,1,075 Johnny Island Suite 762,58609,Shannonchester,Bouvet Island (Bouvetoya)
717,1,48316 Perry Terrace,38874,West Laurie,New Caledonia
718,1,51879 Jessica Station Apt. 010,03527,Kristyland,Mayotte
719,1,66546 Wilson Village,21143,Travischester,Ethiopia
720,1,9735 Wilson Plains,30768,West Luke,Jamaica
721,1,502 Oscar Trail Apt. 205,95026,West Larry,Uruguay
722,1,12144 Schaefer Tunnel Apt. 505,37875,North Jeremy,Northern Mariana Islands
723,1,1924 Johnson Ridge,31081,South Kristine,Guinea
724,1,4647 Leonard Shore,32487,North Samantha,Reunion
725,1,30726 Johnson Crest,56219,South Andrew,Austria
726,1,515 Alexandra Run,58146,Roberttown,Lesotho
727,1,78944 Joshua Islands,15446,Melodyton,Afghanistan
728,1,9950 Brown Mill Suite 157,26269,Rebeccaburgh,Palestinian Territory
729,1,8275 Obrien Trace Suite 830,22801,Hollandmouth,Vanuatu
730,1,2491 Ruiz Lake Suite 685,79568,Davidhaven,Bahamas
731,1,879 Roberto Mountains Suite 676,91130,North Amy,Zambia
732,1,86151 Allison Crossing,53329,East Aliciatown,Denmark
733,1,25732 Gary Lock,36493,Johnsonmouth,Uruguay
734,1,537 Brian Row,15848,Port Thomasport,Jamaica
735,1,2224 Tara Brooks,90239,Karenfort,Heard Island and McDonald Islands
736,1,37271 James Pike,20719,Fisherside,Faroe Islands
737,1,41881 Angela Shore,69683,Lake Alexisview,Solomon Islands
738,1,5666 Robert Plains,42365,Lake Lisaborough,Nauru
739,1,893 Keith Place Suite 135,08498,Graystad,Cuba
740,1,9123 Robert Stravenue,13372,Millermouth,Mozambique
741,1,7756 Pham Bridge,09372,East Thomas,Bouvet Island (Bouvetoya)
742,1,3561 Jones Springs,32297,Michaelchester,Cambodia
743,1,37752 Tracy Haven,99407,Port Shelleymouth,Taiwan
744,1,82832 Jacobson Walks,84288,Kennedyshire,Myanmar
745,1,2890 Bender Parks,67480,South Maria,Niue
746,1,828 Horn Throughway,59088,Patrickland,Vietnam
747,1,5967 Jessica Springs,62415,New Laurenport,Switzerland
748,1,8196 Myers Mews,66018,Matthewstad,Cape Verde
749,1,540 Daniel Turnpike,21357,Martinhaven,Nicaragua
750,1,420 Smith Hill,37589,Webstermouth,American Samoa
751,1,967 Becker Ports Suite 453,32642,Lake Howardville,Israel
752,1,60468 Taylor Crossroad,32476,Lake Mark,Canada
753,1,97970 Wright Stravenue,62904,Webbside,Honduras
754,1,63774 Barker Ville,69332,South Stephanieshire,Lesotho
755,1,933 Cole Wall,51895,Josephtown,Ecuador
756,1,6227 Myers Extensions,62585,Martinside,Netherlands
757,1,36774 Jennifer Garden,47436,New Stephanie,Ukraine
758,1,926 Charles Fork Suite 131,42833,Caseyville,Yemen
759,1,59938 Hardin Falls,55921,Flemingmouth,Gambia
760,1,471 Michael Terrace Apt. 402,60084,Booneton,Tonga
761,1,353 Aguilar Walk,85081,South Gary,Mauritania
762,1,604 Christina Mount,07929,Lake Jaredchester,United States Virgin Islands
763,1,78471 Doyle Villages Apt. 616,47994,West Laura,Haiti
764,1,688 Curtis Road,02492,New Michaelville,Seychelles
765,1,15685 Jacob Meadow,40535,Port Michael,Burundi
766,1,994 Esparza Spur,71441,North Victoria,Cuba
767,1,426 Kristopher Mountains,37438,Dylanhaven,Norway
768,1,300 Scott Way,71097,South Tracey,Czech Republic
769,1,16632 Robertson Mountains,71426,New Kimberlytown,Bermuda
770,1,42951 Nicole Square Suite 958,84485,Port Larrystad,Holy See (Vatican City State)
771,1,680 Williams Estates,43188,East Alison,Niue
772,1,020 Jesus Plain Suite 911,30458,South Michael,Madagascar
773,1,00780 Allen Via,93878,Moralesshire,Algeria
774,1,7462 Ramirez Harbors Apt. 546,30211,Williamsland,Barbados
775,1,27620 Jackson Skyway,97864,Millerland,Palau
776,1,578 Jones Unions Suite 568,73004,Tonyaberg,Luxembourg
777,1,502 Cheryl Vista,55176,Travisland,Uzbekistan
778,1,4768 Guerra Station,45898,South Daniel,Samoa
779,1,81130 Steele Avenue Suite 568,82981,Crystalside,Hungary
780,1,9266 Jenna Cove,56804,New Jennifertown,Pakistan
781,1,01162 Clark Stream,01846,New Jamesmouth,Ukraine
782,1,9780 Thompson Lock,71853,Gallagherhaven,Saint Martin
783,1,61667 Flores Falls,07463,Lewisport,Mexico
784,1,8051 Evan Trafficway Suite 676,98275,Derrickmouth,Bahrain
785,1,012 Tyler Course,78598,Gardnerville,Tokelau
786,1,5604 Amy Cliffs Suite 987,58953,East Jason,Moldova
787,1,54280 William Valleys Suite 847,40004,East Denise,Benin
788,1,01759 Kayla Falls,37195,New Tina,Nauru
789,1,64477 Curry Way,30201,Lake Lisa,Puerto Rico
790,1,5574 Peter Junction Suite 784,48070,Gilbertberg,New Caledonia
791,1,739 Jaime Forges,98146,New William,United States Virgin Islands
792,1,8383 Sanders Locks,41603,North Christina,Congo
793,1,575 Hardy Street Suite 945,51985,Jesusmouth,Barbados
794,1,01008 Jennifer Ferry Apt. 191,51151,West Josephborough,Holy See (Vatican City State)
795,1,02050 Pham Knolls,90484,Gillview,Argentina
796,1,409 Natalie Underpass,70137,Lake Jenniferburgh,Eritrea
797,1,9373 Christina Ridges,98090,West Melissahaven,Armenia
798,1,090 Julie Alley Apt. 592,11419,Crawfordburgh,Australia
799,1,54794 White Pass,98665,East Suzanneport,Mali
800,1,50478 Debra Wells,13636,Maryland,Belarus
801,1,05251 Baker Spur,81353,New Kristenberg,United States of America
802,1,6656 Owens Rest Suite 695,11228,Willisburgh,Nepal
803,1,192 Andrew Place Suite 559,60975,Gomezport,Zambia
804,1,9317 Moore Meadow,77298,Johnchester,Papua New Guinea
805,1,33864 Pedro Divide Apt. 151,17481,West Tony,San Marino
806,1,057 Veronica Spurs Suite 054,74423,West Gabriel,Slovakia (Slovak Republic)
807,1,2956 Christine Center,72167,North Stevechester,Senegal
808,1,2482 Lee Fall,39127,Davisbury,Monaco
809,1,6193 Jones Coves Apt. 450,52448,Charlesmouth,Bermuda
810,1,61932 Adam Tunnel Suite 900,43903,Rhondamouth,Lao People's Democratic Republic
811,1,3901 Henderson Mount Suite 027,99356,Lisamouth,Antarctica (the territory South of 60 deg S)
812,1,86145 Chen Rue Apt. 991,99721,Howeland,Wallis and Futuna
813,1,915 Robert Road Suite 567,80945,South Susan,Mayotte
814,1,47388 Craig Turnpike Apt. 630,61959,East Leslie,Peru
815,1,793 Singh Centers Suite 705,28176,West William,Burkina Faso
816,1,42737 Stephens Circles Suite 739,91737,Port Erica,Taiwan
817,1,7747 Erica Freeway Apt. 947,40137,West Dana,Western Sahara
818,1,601 Blair Centers Apt. 087,75577,Patelland,Belgium
819,1,2437 Melissa Port Apt. 945,83856,New Joseph,Czech Republic
820,1,85304 John Union,78457,Clayside,Bulgaria
821,1,4408 Rodriguez Meadows Suite 733,88217,Barronton,Oman
822,1,1955 Joseph Tunnel,95989,West Charlesfort,Martinique
823,1,0253 Torres Villages Apt. 110,38964,Lake Gwendolyn,United States Virgin Islands
824,1,3664 Barbara Ferry Apt. 707,12386,Piercemouth,Guam
825,1,62431 Danielle Forge Apt. 489,42772,Port Raymondview,Pitcairn Islands
826,1,978 Nancy Gardens Suite 860,67144,Lake Kyle,Singapore
827,1,854 Michael Summit Apt. 286,95097,North Michael,Tanzania
828,1,14346 Christina Neck Apt. 843,88621,Kellytown,Micronesia
829,1,40404 John Course,43070,Smithborough,Uganda
830,1,9964 Sean Station,22219,Brownfort,Rwanda
831,1,39546 Norma Creek Suite 995,15606,Bookerborough,El Salvador
832,1,152 Padilla Harbors,83451,New Williemouth,Bouvet Island (Bouvetoya)
833,1,1038 Flores Dale,19594,Port Malloryland,China
834,1,6401 Molly Groves Suite 592,93795,East Donnatown,Namibia
835,1,452 Jeffrey Forks Suite 629,88166,Millerside,American Samoa
836,1,28513 Hernandez Lake,21004,Port Anne,Cote d'Ivoire
837,1,7528 Nancy Overpass Apt. 181,53967,North Amandaville,Sao Tome and Principe
838,1,1426 Lance Drives Suite 332,73371,Patrickborough,Norfolk Island
839,1,988 Craig Roads,23829,West Vincent,Mauritius
840,1,152 Baker Via,46003,Kelseytown,Macedonia
841,1,7324 White Parks Apt. 460,64378,North Brian,Marshall Islands
842,1,8744 Rosales Street Suite 911,62643,Mejiashire,Estonia
843,1,1325 Kenneth Rue,06485,West Jason,Tunisia
844,1,600 Bauer Coves,07021,Hessside,Yemen
845,1,317 Parker Junctions Suite 930,95430,North Larry,Cote d'Ivoire
846,1,698 Breanna Ford,67863,North Christopher,Uganda
847,1,4740 Kelly Ways,98328,Jeanetteland,Ecuador
848,1,9609 Jacqueline Harbors,11377,Tinaborough,Colombia
849,1,532 Herring Burg,92340,Port Terrenceland,Slovenia
850,1,8851 Lisa Viaduct Suite 641,23582,East Michaelville,Vietnam
851,1,467 Robert Circles Suite 277,65034,North Sarahhaven,Luxembourg
852,1,47360 Lisa Station,53483,Jamesland,Paraguay
853,1,6975 Bartlett Pine,15576,Briannaview,Belgium
854,1,0559 Thompson Village,69305,Johnsonmouth,Poland
855,1,585 Leonard Gateway,87716,Wrightshire,Montserrat
856,1,3190 Contreras Prairie,34373,Edwardton,Andorra
857,1,1227 Hudson Route,81679,New Anne,Mauritania
858,1,5820 Watkins Squares,62719,East Lisashire,Dominica
859,1,4609 Porter Islands Apt. 593,33802,New Brittney,Thailand
860,1,888 Garcia Drive Apt. 137,54194,Lake Samantha,Swaziland
861,1,35583 Bauer Estates,13967,Perkinschester,Nicaragua
862,1,345 Mitchell Forges,04706,Christinaville,Solomon Islands
863,1,8487 Bryan Roads,16757,Hillview,Central African Republic
864,1,5324 Mitchell Fort,99743,Caldwellfort,Marshall Islands
865,1,64731 Morrow Branch Apt. 932,52642,Port Jeffrey,French Guiana
866,1,02986 Renee Plaza,60331,Port Patricia,El Salvador
867,1,1665 Jessica Lane,88978,Jameshaven,Azerbaijan
868,1,9261 Jeffrey Port,68946,Steelechester,Hungary
869,1,8537 Chad Road Apt. 380,36307,Johnsonside,Kenya
870,1,2719 Cheyenne Isle,52340,Smithville,Burundi
871,1,208 Bailey Spur Apt. 780,60756,Carterborough,Poland
872,1,9879 Simpson Fords,21208,Larryside,Ethiopia
873,1,4148 Joseph Turnpike,29023,West Derrickton,Nepal
874,1,32549 Jeanette Island Suite 340,30150,Port Kennethfurt,French Guiana
875,1,52587 Lopez Way,89883,Michaelside,India
876,1,2922 Tonya Port Suite 558,78222,Christopherbury,Nicaragua
877,1,69348 Sullivan Station,69982,Jonesville,Slovenia
878,1,3545 James Rue Suite 907,39750,Rushmouth,South Georgia and the South Sandwich Islands
879,1,8521 Johnson Summit,62921,Christybury,Philippines
880,1,748 Brennan Views,29423,Port Davidtown,Central African Republic
881,1,845 Ward Ford Apt. 540,04835,Alexanderhaven,Guam
882,1,7904 Kevin Lakes Apt. 738,96681,Ruizville,Montenegro
883,1,60900 Griffith Expressway Suite 608,34796,Esparzamouth,South Africa
884,1,4700 Fox Field Apt. 712,98293,North Jeffreyview,Holy See (Vatican City State)
885,1,687 Brian Stravenue,05625,Lake Jenniferburgh,French Southern Territories
886,1,12270 Allen Fort Suite 224,44204,East Kevin,Tuvalu
887,1,3409 Andrew Dale,21374,East Maryton,Croatia
888,1,24914 Williams Route Apt. 794,02904,Andrewfort,Bahrain
889,1,87171 Yates Square,83439,Riveraside,Latvia
890,1,09433 Deleon Lights Apt. 093,08368,East Wendy,Romania
891,1,746 Terry Crescent Apt. 559,47368,Alvarezburgh,Israel
892,1,234 Sarah Plaza Suite 005,08686,Port Bryanfort,Solomon Islands
893,1,1142 Justin Coves Apt. 718,46530,South Sheilaville,Czech Republic
894,1,8078 Albert Shore,82292,East Maxstad,Sudan
895,1,17036 Douglas Circles Apt. 501,61481,Ninamouth,Papua New Guinea
896,1,687 Ballard Plain Suite 562,02986,Owensfort,Algeria
897,1,6185 Perez Dale Apt. 594,11204,Lucasfort,Nigeria
898,1,6091 Shane Harbors Suite 344,06396,Lake Loristad,Libyan Arab Jamahiriya
899,1,13115 Brian Greens Apt. 787,66864,South Patricia,United Kingdom
900,1,563 Sanchez Port,55870,East Michael,Uganda
901,1,472 Jeffrey Springs Suite 960,89898,Stephanietown,Nauru
902,1,3333 Carr Plain Suite 488,08570,South Jeffery,Kenya
903,1,830 Washington Wells Suite 669,70578,West Nicholas,French Polynesia
904,1,746 Kimberly Rapid Suite 284,73485,North Donaldberg,Seychelles
905,1,83134 Paula River,77294,Christinaport,Martinique
906,1,59779 Ramsey Summit,43870,New Kristy,Tajikistan
907,1,437 Gutierrez Green Apt. 042,20985,Martinside,British Virgin Islands
908,1,905 Courtney Hills,29257,Feliciafort,Indonesia
909,1,1297 Mason Coves,24974,Markside,New Zealand
910,1,860 David Ways,92354,East Robertbury,British Virgin Islands
911,1,32977 Steven Isle,67475,Dillonfort,Angola
912,1,51041 Wilson Plains,13643,North Lisa,Morocco
913,1,063 House Trail,42734,North Rachelville,South Georgia and the South Sandwich Islands
914,1,991 Anderson Rest,35375,Michaelburgh,Czech Republic
915,1,320 Mcmahon Estates,91607,North Paulstad,Bangladesh
916,1,914 Flores Turnpike Suite 383,03093,Davidland,Malta
917,1,866 Gardner Meadow Apt. 215,36804,Fischerside,Holy See (Vatican City State)
918,1,78258 Bass Ville,60257,Brittanyhaven,Vanuatu
919,1,458 Campbell Knolls,32458,Thomastown,Switzerland
920,1,471 Audrey Street,01482,Jameschester,Liberia
921,1,52679 Evans Ports Apt. 548,66188,Barreraburgh,Turkey
922,1,9486 Brian Grove,04789,Mcdonaldborough,Northern Mariana Islands
923,1,959 Horne Trail Suite 003,32557,Davidmouth,Antarctica (the territory South of 60 deg S)
924,1,1877 Hunter Junction Suite 444,47202,Ashleyshire,Tokelau
925,1,4614 Alicia Groves Suite 441,79299,North Jacquelinemouth,Cayman Islands
926,1,88486 Smith Streets,00918,Benitezhaven,Fiji
927,1,3382 Orozco Prairie Suite 779,15193,Kerristad,Haiti
928,1,4388 Gonzalez Ports,57543,Millerton,Hungary
929,1,11622 Loretta Fall,82971,Smithburgh,Andorra
930,1,5100 Patrick Islands,26580,Michaelburgh,Switzerland
931,1,872 Parker Skyway,06338,South Kenneth,Barbados
932,1,779 Brittany Corner,68381,Calvinside,Cyprus
933,1,8105 Thornton Harbors,25986,New Amanda,Ethiopia
934,1,751 Shaw Orchard,18384,West Robertville,Macao
935,1,5093 Estrada Squares,82294,South Rachelside,China
936,1,1189 Mcdowell Estates,36526,North Jeremy,Western Sahara
937,1,50753 Kelly Ways Suite 638,25622,East Keith,Tokelau
938,1,32459 Harris Centers,44994,Farleyburgh,India
939,1,36396 Marc Mill,74531,Allenberg,Singapore
940,1,15633 Hernandez Locks Apt. 054,10674,Port Jill,United States Virgin Islands
941,1,68355 Margaret Harbor Apt. 633,05856,Jakechester,Northern Mariana Islands
942,1,71572 Peterson Greens,79665,New Robert,Cambodia
943,1,44117 Sean Forest Apt. 457,08715,New Brianfort,Tajikistan
944,1,4153 Daniel Summit Apt. 023,07662,Lindseyborough,South Georgia and the South Sandwich Islands
945,1,328 Steven Burgs Suite 381,85023,Lewisfort,British Virgin Islands
946,1,62217 Steven Alley,38917,West Brendaburgh,Dominica
947,1,70132 Cheryl Loaf,13954,Jermainehaven,Samoa
948,1,9727 Abigail Inlet,41965,North Cynthia,Montenegro
949,1,7677 Stephen Stravenue Suite 890,49105,South Mallory,Guernsey
950,1,00467 Cardenas Port Suite 441,64144,Hollyville,Qatar
951,1,377 Thornton Ramp Apt. 269,21654,Kathrynport,Libyan Arab Jamahiriya
952,1,28179 Joyce Shoals Suite 665,65748,New Jennifer,Malta
953,1,601 Lance Lights,02689,Erichaven,Greece
954,1,323 Miller Bridge Apt. 155,25256,Robertfurt,Botswana
955,1,7805 Anthony Mountains Apt. 113,46406,New Mary,Spain
956,1,1728 Riley Rest Apt. 768,56675,North Eric,Kazakhstan
957,1,42584 Perez Rapids,90282,New Rachel,Djibouti
958,1,51380 Courtney Cove Apt. 807,80161,Wellschester,Saint Vincent and the Grenadines
959,1,8758 Shane Harbors Apt. 898,80412,Karentown,Ecuador
960,1,580 Patricia Corner Suite 681,84274,Lisaview,French Guiana
961,1,56031 Miller Mills Apt. 006,69050,West Michaelville,Sao Tome and Principe
962,1,2069 Tara Manor,01964,Smithshire,Czech Republic
963,1,9615 John Burg Suite 041,66210,Port James,Mozambique
964,1,7071 Martin Crossing,21586,West Christinafort,Uganda
965,1,36774 Carter Way,32110,North Jessica,Libyan Arab Jamahiriya
966,1,037 Jensen Plaza Apt. 553,63678,New Robert,Lao People's Democratic Republic
967,1,3072 James Greens Apt. 413,08811,West Kevinburgh,Seychelles
968,1,6852 Smith Cove Apt. 383,46893,Julialand,Gabon
969,1,16853 Kenneth Inlet,01442,Burgessland,Kenya
970,1,69502 Myers Highway,54944,Bakerside,Sao Tome and Principe
971,1,283 Cynthia Squares Suite 475,31557,East Stephanieside,Palestinian Territory
972,1,3633 Kenneth Mission Suite 634,11926,Dianaborough,Malaysia
973,1,227 Jones Station Suite 779,38764,North Jessica,Central African Republic
974,1,8833 Baker Springs Suite 385,42322,North Nicholasview,Poland
975,1,3336 Vega Mill Suite 691,91999,North Sara,Hong Kong
976,1,02951 Chen Orchard,24242,Hendersonberg,Papua New Guinea
977,1,9843 Richard Dale,66512,Seanview,Singapore
978,1,9631 Campbell Highway,84100,North Joseph,Paraguay
979,1,5750 Rice Plains Apt. 182,06284,Mooreburgh,Azerbaijan
980,1,794 Jackson Field,31898,Lake Tyler,Luxembourg
981,1,3381 Briana Islands Apt. 591,84755,East Jeffrey,Costa Rica
982,1,903 Burns Circle,38003,Lake Angela,Portugal
983,1,37383 Morgan Groves Suite 827,67045,New John,United States Minor Outlying Islands
984,1,7191 Watkins Flats Apt. 110,18814,Mariastad,Falkland Islands (Malvinas)
985,1,5718 Jones Tunnel Apt. 074,21959,Jeffreymouth,Uzbekistan
986,1,9658 Wade Motorway,95930,West Melissaton,Cocos (Keeling) Islands
987,1,54543 Reyes Fort,88707,South Alicia,Israel
988,1,7259 Brenda Mall,67165,Kylemouth,Bosnia and Herzegovina
989,1,37807 Ryan Grove Apt. 717,75573,East Ashley,Greenland
990,1,93025 Megan Mills Suite 962,89475,New Edward,Bouvet Island (Bouvetoya)
991,1,8280 Shane Mountains,01868,North Robert,Gambia
992,1,18413 Graves Vista Apt. 108,96794,East Davidhaven,Lao People's Democratic Republic
993,1,954 Frost Field,34636,West Gregory,Belarus
994,1,15780 Morales Canyon,04038,Sherryborough,Mali
995,1,9321 Clark Pine,87995,East Katrinastad,Lithuania
996,1,75269 Brock Union Apt. 605,50248,Smithstad,Ukraine
997,1,1368 Kevin Row,79394,Pamelashire,Gibraltar
998,1,6026 Gregory Squares,06187,New Shannontown,Lebanon
999,1,2473 Kelly Bypass,25856,East Lawrence,Bhutan
1000,1,067 Sheena Stream Apt. 423,27852,Boyerchester,Slovenia
1001,1,865 Nicole Ferry Apt. 487,65779,Aaronchester,Christmas Island
1002,1,076 Ford Road Suite 025,17751,East Sharonmouth,Turkmenistan
1003,1,725 Sanders Manor Suite 677,19371,New Davidport,United Arab Emirates
1004,1,362 Parker Expressway,57747,Woodwardland,Jersey
1005,1,6249 Richard Lake Apt. 572,89604,Valeriefort,Montenegro
1006,1,2193 Hunter Vista,44183,Frankstad,South Georgia and the South Sandwich Islands
1007,1,95888 Horton Glen,51873,East Tonya,Korea
1008,1,831 Ryan Way Suite 681,47800,Mollytown,Grenada
1009,1,9652 Michael Manor,91643,Lake Kayla,Costa Rica
1010,1,8516 Gray Light Suite 820,16848,Port Catherine,Antarctica (the territory South of 60 deg S)
1011,1,2678 Vaughn Ports,02271,North David,Ecuador
1012,1,367 Hill Causeway Apt. 633,31705,New Cory,Nepal
1013,1,839 Hall Ville,20741,West Ericfurt,Djibouti
1014,1,5085 Zachary Shores,71415,East Tiffanyfurt,Cape Verde
1015,1,31820 Danielle Shores,70715,East Eric,Saint Martin
1016,1,11088 Payne Glens,14737,Hoganfort,Czech Republic
1017,1,01135 Hunter Isle Suite 989,63077,North Vanessa,Russian Federation
1018,1,290 Timothy Alley Suite 419,44478,South Alexanderborough,Andorra
1019,1,92971 Smith Unions,70179,Wardfurt,Liechtenstein
1020,1,456 Thomas Freeway,07839,Port Tara,Lesotho
1021,1,529 Watson Valleys,05758,Port Nicholas,Mongolia
1022,1,0816 Johnston Passage,37724,South Joshua,Mauritius
1023,1,014 Barry Fall Apt. 284,82508,Skinnerview,Svalbard & Jan Mayen Islands
1024,1,766 Mark Orchard,12632,Amandabury,Samoa
1025,1,226 Jason Harbor,42559,Lake Audrey,El Salvador
1026,1,712 Leah Ridges,27324,Johnfurt,United Kingdom
1027,1,9769 Thomas Hill Suite 755,06817,Desireechester,United Arab Emirates
1028,1,560 Gregory Spurs Suite 599,96882,Ariasland,Denmark
1029,1,5131 Lyons Curve,57591,Walshview,Korea
1030,1,3607 Simmons Inlet Suite 939,37610,Lake Davidmouth,Dominica
1031,1,227 Wright Shore,16131,Debrastad,Singapore
1032,1,5794 Jeffery Squares,03671,East Amber,Monaco
1033,1,51453 Amanda Extensions Apt. 519,89422,Port Carlahaven,Lebanon
1034,1,9609 Matthew Coves Apt. 068,11799,Cookside,Malawi
1035,1,194 Andrew Ridge,18400,West Autumn,Venezuela
1036,1,57109 Sharon Island Suite 016,74631,South Tonyberg,United Kingdom
1037,1,185 Williams Ridge,12244,East Katelynshire,Taiwan
1038,1,066 Jeremy Street,17185,Davidfurt,Malta
1039,1,9606 Alvarado Mountains Apt. 129,54623,North Meganland,United Kingdom
1040,1,409 Pamela Field Suite 273,26252,New Shawnton,Cote d'Ivoire
1041,1,008 Kara Camp,61710,Robleston,Peru
1042,1,207 Padilla Land,98495,West Larryville,Togo
1043,1,6250 Heather Valley,08364,New Patrick,Moldova
1044,1,52776 Evans Islands,85452,West Michelle,Myanmar
1045,1,57808 Rodgers Forest,24061,Port Haleyland,Svalbard & Jan Mayen Islands
1046,1,55842 Ann Coves Apt. 906,97441,Nixonview,Germany
1047,1,305 Mike Corners Suite 625,18311,Mosesside,Falkland Islands (Malvinas)
1048,1,4539 Kristina Parkways,62761,Williambury,Myanmar
1049,1,1482 Hamilton Club,47234,New Sheilafort,Netherlands Antilles
1050,1,50404 Paul Hollow,59560,South Tammyshire,Dominican Republic
1051,1,8112 Kathy Summit,74663,East Teresaview,Vanuatu
1052,1,132 Lori Burgs,44809,Jonathanside,Palestinian Territory
1053,1,32816 Henry Wall,35115,East Joy,Andorra
1054,1,500 Scott Mountain Apt. 807,56577,New Samuelshire,Aruba
1055,1,9862 Amber Mountain,82448,Stephenport,French Southern Territories
1056,1,010 William Vista Suite 952,29241,West Heather,Iraq
1057,1,18822 Miller Curve,63806,Kingshire,Pakistan
1058,1,5964 Spears Run,46215,Port Kurt,Tuvalu
1059,1,0982 Timothy Mountains Apt. 172,84913,New Matthewfort,Macao
1060,1,000 Kimberly Rue Suite 843,37324,Bradleyshire,French Guiana
1061,1,81947 Michael Views,83876,East Kristenview,Peru
1062,1,049 Pearson Radial,48844,Bradleyhaven,Guernsey
1063,1,961 Ortega Rapid,67111,Lake Aaron,Bahrain
1064,1,98204 Brian Shoals,64660,Joshuachester,Nepal
1065,1,319 Mendez Motorway,51849,Garrettburgh,Mongolia
1066,1,2050 Duke View,19358,Morganbury,Gambia
1067,1,903 Williams Corner Suite 559,50876,Lake Anne,Ghana
1068,1,038 Porter Extensions Suite 036,50521,Cooperbury,Antigua and Barbuda
1069,1,8649 Christopher Heights,22358,New Sandy,Venezuela
1070,1,85375 Herrera Field,43900,Port Cynthia,Timor-Leste
1071,1,900 Ryan Port Suite 195,64908,Glennton,Kenya
1072,1,20410 Gardner Passage,47774,Hunterville,Sweden
1073,1,89855 Montoya Estates Apt. 374,81279,Angelafort,Albania
1074,1,552 Meghan Ferry,54575,Scottfurt,Aruba
1075,1,169 Melissa Parks Suite 969,97306,Lake Patriciahaven,Spain
1076,1,540 Gomez Corner Suite 153,61770,Reedport,Seychelles
1077,1,1376 Roberts Mountains,92821,East Daniel,Dominica
1078,1,8955 Hopkins Views,12493,Deleonland,Morocco
1079,1,0387 Pierce Ways Apt. 272,75902,New Ashleyton,Falkland Islands (Malvinas)
1080,1,187 West Summit Suite 271,74342,Mclaughlinshire,Lithuania
1081,1,857 Lauren Shoal,98036,Lake Juanmouth,Christmas Island
1082,1,2424 Victoria Glen Suite 183,95053,Fredericktown,Moldova
1083,1,3990 William Divide,74019,Ronnieton,Bahamas
1084,1,804 Jessica Harbor Apt. 462,00802,Lake Ericberg,Montserrat
1085,1,0070 Taylor Isle Apt. 185,70306,Emilystad,Jordan
1086,1,74842 Thomas Turnpike Suite 757,12843,North Ryanshire,Japan
1087,1,0698 Michelle Meadows,29429,Kirbyborough,Christmas Island
1088,1,0601 Gabrielle Mountain,39333,Cooperborough,Anguilla
1089,1,7031 Burton Park Suite 654,88892,Keyshire,Paraguay
1090,1,56665 Mark Points,65442,Port Laurenfurt,Bosnia and Herzegovina
1091,1,69031 Jason Meadows,75633,West Marybury,Cayman Islands
1092,1,7255 Novak Lake Suite 646,14839,Lake Nicholasmouth,Qatar
1093,1,8170 Clark Motorway Apt. 065,35947,West Kimberly,Bahrain
1094,1,265 Rodriguez Divide Apt. 416,45714,Aaronstad,Vietnam
1095,1,8847 Jennifer Rapid,68343,West Antonio,Russian Federation
1096,1,821 Jessica Point Apt. 608,97581,West Michael,Cuba
1097,1,388 James Junctions,92777,Higginsmouth,Armenia
1098,1,1338 Ian Hollow Suite 335,02573,Lindaville,Heard Island and McDonald Islands
1099,1,224 Sara View,72830,Port James,Netherlands Antilles
1100,1,08773 Mary Inlet Suite 331,58049,Michellestad,Cameroon
1101,1,1922 Jones Forest Suite 302,29547,Pruitttown,Japan
1102,1,232 Gardner Crossroad Suite 202,89199,Scottview,Cocos (Keeling) Islands
1103,1,100 Schultz Club Suite 893,29408,Meganborough,Mongolia
1104,1,58242 Burnett Wall,40557,Port Michelleton,Belgium
1105,1,456 Hall Lodge,84637,Emilyfort,Saint Lucia
1106,1,48200 Lewis Vista,77137,Jamesstad,Armenia
1107,1,5851 Katherine Neck Apt. 715,67615,Andersonfurt,Ukraine
1108,1,090 Ryan Crescent Suite 137,78947,Keithtown,Colombia
1109,1,263 Kayla Vista Apt. 389,47034,North Johnfort,Spain
1110,1,5276 Payne Greens Apt. 750,05639,New Kayla,Guatemala
1111,1,6293 Allen Shoal Apt. 525,23266,Barbaraport,Georgia
1112,1,5795 Robert Club,23563,Kristahaven,El Salvador
1113,1,19207 Morris Circles Suite 852,43741,Coreyside,Dominican Republic
1114,1,69495 Flynn Wells Apt. 903,16005,Port Michaelstad,Antarctica (the territory South of 60 deg S)
1115,1,417 Gonzalez Roads,69806,Terriview,Venezuela
1116,1,6683 James Viaduct Apt. 122,59619,East Latoya,Jordan
1117,1,982 Fields Alley Apt. 909,77678,Port Gregoryport,Belgium
1118,1,257 Thompson Stravenue Apt. 301,76208,Kimberlyport,Netherlands
1119,1,79601 Ho Parkway Suite 780,80506,West Diana,Mongolia
1120,1,239 Christine Plaza Apt. 042,87454,Katherineland,Cocos (Keeling) Islands
1121,1,81942 William Motorway Apt. 929,48556,Susanborough,Guatemala
1122,1,402 Thornton Garden Suite 093,44254,North Jessica,Ethiopia
1123,1,09806 Charles Views,47868,New James,Bahrain
1124,1,4307 Barbara Bypass Apt. 361,95692,Griffinland,Aruba
1125,1,09452 Don Locks Suite 849,08973,Wilcoxfort,Slovenia
1126,1,26302 Bean Highway Apt. 358,75328,Debbieburgh,Romania
1127,1,969 Burke Expressway,09189,Christopherberg,Trinidad and Tobago
1128,1,271 Gregory Station Suite 739,23792,New Ryanview,Costa Rica
1129,1,63279 Miller Summit,07824,West Gregoryburgh,Qatar
1130,1,05963 Wood Island Apt. 676,18041,New Lorishire,Qatar
1131,1,17445 David Lights Apt. 949,64206,Wolfemouth,Luxembourg
1132,1,428 Emily Estates,82190,Port Mark,Bosnia and Herzegovina
1133,1,869 Williams Divide,21223,East Patrick,Heard Island and McDonald Islands
1134,1,202 John Crossing,43009,New Vanessaton,Timor-Leste
1135,1,9581 Cindy Mountains Apt. 173,55461,Zunigachester,Denmark
1136,1,597 Henderson Mission,14307,Port Abigailmouth,Kyrgyz Republic
1137,1,39810 Charles Pines Apt. 161,85934,Kevinstad,Cape Verde
1138,1,138 Nicholson Brooks Suite 031,03336,South Amyview,Papua New Guinea
1139,1,30143 Christina Freeway Apt. 552,82688,Patrickstad,Montserrat
1140,1,2901 Robert Alley Suite 032,88750,West Brianmouth,Bahrain
1141,1,234 Victoria Harbors,07077,Maryshire,Guam
1142,1,213 Courtney Parkway,11033,East Justinfort,Timor-Leste
1143,1,455 Kevin Island,43253,Johnsonport,Afghanistan
1144,1,6747 Jared Mount,96343,New Christown,Mali
1145,1,80906 Baker Island,13684,East Brian,Holy See (Vatican City State)
1146,1,577 Martin Shores,93582,Fritzchester,French Southern Territories
1147,1,976 Lisa Port,90982,West Seanfurt,Barbados
1148,1,114 Williams Mews,50453,West Joanna,Croatia
1149,1,554 Lori Groves,56031,Kevinshire,Lao People's Democratic Republic
1150,1,39482 Rodriguez Crossing Suite 618,24742,Port Angelamouth,Equatorial Guinea
1151,1,38959 Baldwin Estate Apt. 169,65453,Lake Edwardshire,Pitcairn Islands
1152,1,8196 Ruiz Dale,09628,Lake Eugene,Lithuania
1153,1,00599 Peter Mission,88346,Cameronview,Tanzania
1154,1,325 Michael Curve,42469,East Amandaville,Papua New Guinea
1155,1,098 Payne Glens,13751,Medinachester,Vietnam
1156,1,9727 Wood Circle Apt. 070,28912,Barberchester,Niger
1157,1,62504 Robert Plaza,40287,East Patricia,Central African Republic
1158,1,19606 Teresa Spur Suite 962,27736,Heatherview,Reunion
1159,1,98143 Costa Summit Apt. 402,42858,Scottchester,United States Virgin Islands
1160,1,270 Monique Fords,02264,Mercadostad,Cameroon
1161,1,951 Katherine Common,23720,East Paulchester,Angola
1162,1,78637 Kramer Shores Apt. 059,42685,Matthewchester,Gabon
1163,1,0748 Evan Landing Apt. 087,90582,South Melissaville,Djibouti
1164,1,507 Jensen Groves Suite 352,85475,Richardborough,Wallis and Futuna
1165,1,34810 Parker Islands,09310,West Rebeccachester,Rwanda
1166,1,403 Jenkins Fords,97934,Normanton,French Guiana
1167,1,045 Carr Cliff,18291,Mayston,Egypt
1168,1,5554 Richard Meadows,06059,Port Steventon,Cuba
1169,1,86515 Amanda Corner,28778,Stevenbury,Greenland
1170,1,533 Lopez Passage,14825,Moralesmouth,Iceland
1171,1,1520 Michael Plaza,73152,Andersonhaven,Bermuda
1172,1,08510 Allison Neck,31831,Port Philipshire,Bulgaria
1173,1,909 Martinez Streets Suite 845,37671,Julieborough,Bosnia and Herzegovina
1174,1,869 Johnson Summit,48093,Jonathantown,Korea
1175,1,3737 Allison Haven,33720,New Tracieburgh,Belize
1176,1,58918 Daniels Estate,30253,Jonesfurt,Trinidad and Tobago
1177,1,771 Karen Walks Apt. 558,02036,Simpsonburgh,Liberia
1178,1,56564 Bray Grove Suite 680,58575,Pamelafurt,Dominican Republic
1179,1,51238 Clark Crossing,44371,West Christopher,Czech Republic
1180,1,557 Brown Burgs,32576,Adamsberg,Gabon
1181,1,597 Sharon Trace Apt. 347,58921,Gordonport,Tanzania
1182,1,0899 Kelly Loaf,98975,West Joseph,French Guiana
1183,1,69655 Wolf Valleys,20667,Port Allison,Eritrea
1184,1,60630 Shannon Plaza Apt. 529,21075,South Daniel,Monaco
1185,1,3022 Shaw Shore Apt. 842,94303,Carlaport,Netherlands
1186,1,14241 Moon Radial,66090,New Eugene,Somalia
1187,1,91743 Phillip Station Suite 049,89020,Lake Sandramouth,Haiti
1188,1,40925 Jason Lake Suite 509,38452,Connieville,New Caledonia
1189,1,221 Nelson Manors,36655,Figueroaview,Philippines
1190,1,082 Anna Track Suite 812,56231,Gordonton,Tunisia
1191,1,5002 Leonard Fords,47240,Port Suzanne,Swaziland
1192,1,96405 Christian Rest Apt. 721,26781,South Paulton,Trinidad and Tobago
1193,1,051 Rebecca Path Apt. 710,01072,Andreafort,France
1194,1,72874 James Islands,17699,West Peter,Kenya
1195,1,0127 White Stravenue,89597,New Colleen,Saint Kitts and Nevis
1196,1,067 Thompson Mountain,75976,Rebeccaberg,Malawi
1197,1,169 Melissa Crest Suite 093,08856,New Bruce,Tuvalu
1198,1,1627 Kramer Rue Apt. 353,04919,Brandonland,Guadeloupe
1199,1,01674 Debra Place Suite 877,82340,Richardschester,Bermuda
1200,1,504 Nicole Court Apt. 240,77512,Port Haleyfurt,Israel
1201,1,812 Wright Bridge,19044,Julianfurt,San Marino
1202,1,633 Figueroa Coves,42210,Brownmouth,Oman
1203,1,2915 Rachel Point,86630,Sharpbury,Antarctica (the territory South of 60 deg S)
1204,1,0254 Frank Meadows Suite 241,24023,Lake Kristenmouth,Sweden
1205,1,48117 Stephens Lights,20058,West Erika,Belarus
1206,1,175 Evans Point,72746,South Maxwellborough,United Arab Emirates
1207,1,3689 Velasquez Isle Suite 856,09046,Port Michael,Botswana
1208,1,0585 Garcia Falls Suite 554,30699,Mcintyreside,Sri Lanka
1209,1,209 Velasquez Path Apt. 641,47649,Krystalhaven,Ukraine
1210,1,4351 Austin Hill Suite 743,14715,Smithmouth,Denmark
1211,1,487 Barron Park Suite 387,21788,Johnstonberg,British Indian Ocean Territory (Chagos Archipelago)
1212,1,430 Carr Freeway Apt. 133,09896,East Mark,India
